{
    "rowData": [
        {
            "name": "蝙蝠侠",
            "key": 1,
            "status": "暂停中",
            "exp": 19873,
            "expURL": "rlogin://chrkixqkw.dj/hawqhslc",
            "clickNum": 6671,
            "clickRate": 21,
            "clickPrice": 52,
            "limit": 75,
            "handle": ""
        },
        {
            "name": "蝙蝠侠",
            "key": 2,
            "status": "暂停中",
            "exp": 1042,
            "expURL": "tn3270://kjolv.biz/rqfye",
            "clickNum": 7489,
            "clickRate": 70,
            "clickPrice": 43,
            "limit": 87,
            "handle": ""
        },
        {
            "name": "蝙蝠侠",
            "key": 3,
            "status": "启用中",
            "exp": 8908,
            "expURL": "telnet://pmzrqd.coop/ykwfgb",
            "clickNum": 7254,
            "clickRate": 87,
            "clickPrice": 53,
            "limit": 86,
            "handle": ""
        },
        {
            "name": "蝙蝠侠",
            "key": 4,
            "status": "启用中",
            "exp": 22252,
            "expURL": "mid://rtwbdi.tv/hbkee",
            "clickNum": 5367,
            "clickRate": 88,
            "clickPrice": 155,
            "limit": 138,
            "handle": ""
        },
        {
            "name": "蝙蝠侠",
            "key": 5,
            "status": "暂停中",
            "exp": 11707,
            "expURL": "nntp://qijrjri.bz/qilbtwnbf",
            "clickNum": 7890,
            "clickRate": 27,
            "clickPrice": 150,
            "limit": 240,
            "handle": ""
        },
        {
            "name": "蝙蝠侠",
            "key": 6,
            "status": "启用中",
            "exp": 14732,
            "expURL": "telnet://othgkgoj.pn/skjblofumf",
            "clickNum": 7245,
            "clickRate": 47,
            "clickPrice": 38,
            "limit": 99,
            "handle": ""
        },
        {
            "name": "蝙蝠侠",
            "key": 7,
            "status": "暂停中",
            "exp": 33117,
            "expURL": "nntp://qnvlbkmoy.au/tdf",
            "clickNum": 9410,
            "clickRate": 23,
            "clickPrice": 33,
            "limit": 76,
            "handle": ""
        },
        {
            "name": "蝙蝠侠",
            "key": 8,
            "status": "暂停中",
            "exp": 5343,
            "expURL": "tn3270://xxytsjri.bm/twjnthjq",
            "clickNum": 5135,
            "clickRate": 77,
            "clickPrice": 102,
            "limit": 79,
            "handle": ""
        },
        {
            "name": "蝙蝠侠",
            "key": 9,
            "status": "暂停中",
            "exp": 4165,
            "expURL": "mailto://mqb.kr/izerissyv",
            "clickNum": 7830,
            "clickRate": 82,
            "clickPrice": 102,
            "limit": 198,
            "handle": ""
        },
        {
            "name": "蝙蝠侠",
            "key": 10,
            "status": "暂停中",
            "exp": 23688,
            "expURL": "nntp://sikdxu.hm/axxxu",
            "clickNum": 8776,
            "clickRate": 90,
            "clickPrice": 104,
            "limit": 135,
            "handle": ""
        },
        {
            "name": "蝙蝠侠",
            "key": 11,
            "status": "启用中",
            "exp": 19940,
            "expURL": "mailto://bkee.cc/soxxgnc",
            "clickNum": 7883,
            "clickRate": 62,
            "clickPrice": 104,
            "limit": 218,
            "handle": ""
        },
        {
            "name": "蝙蝠侠",
            "key": 12,
            "status": "暂停中",
            "exp": 7121,
            "expURL": "ftp://znndlxgm.cv/aefkpwxb",
            "clickNum": 6420,
            "clickRate": 77,
            "clickPrice": 40,
            "limit": 67,
            "handle": ""
        }
    ]
}