{
    "rowData": [
        {
            "name": "黑寡妇",
            "key": 1,
            "status": "暂停中",
            "exp": 4746,
            "expURL": "http://tpfyjzbu.ph/hxdgeyqp",
            "clickNum": 8578,
            "clickRate": 32,
            "clickPrice": 31,
            "limit": 77,
            "handle": ""
        },
        {
            "name": "蝙蝠侠",
            "key": 2,
            "status": "启用中",
            "exp": 15048,
            "expURL": "mailto://pwqd.tz/mtsovhrja",
            "clickNum": 9074,
            "clickRate": 80,
            "clickPrice": 136,
            "limit": 202,
            "handle": ""
        },
        {
            "name": "金刚狼",
            "key": 3,
            "status": "启用中",
            "exp": 13698,
            "expURL": "news://eovcewti.nu/nhfq",
            "clickNum": 9366,
            "clickRate": 19,
            "clickPrice": 89,
            "limit": 61,
            "handle": ""
        },
        {
            "name": "鹰眼",
            "key": 4,
            "status": "暂停中",
            "exp": 12817,
            "expURL": "cid://uqj.yu/aflkd",
            "clickNum": 6967,
            "clickRate": 55,
            "clickPrice": 196,
            "limit": 84,
            "handle": ""
        },
        {
            "name": "冬兵",
            "key": 5,
            "status": "暂停中",
            "exp": 32894,
            "expURL": "http://pssyiqut.aw/oxwq",
            "clickNum": 6460,
            "clickRate": 28,
            "clickPrice": 174,
            "limit": 240,
            "handle": ""
        },
        {
            "name": "超人",
            "key": 6,
            "status": "启用中",
            "exp": 2907,
            "expURL": "rlogin://whbcxydsr.com",
            "clickNum": 9232,
            "clickRate": 53,
            "clickPrice": 40,
            "limit": 51,
            "handle": ""
        },
        {
            "name": "黑寡妇",
            "key": 7,
            "status": "暂停中",
            "exp": 3658,
            "expURL": "wais://sxhrqiwkq.aw/anwwc",
            "clickNum": 8162,
            "clickRate": 14,
            "clickPrice": 76,
            "limit": 244,
            "handle": ""
        },
        {
            "name": "美国队长",
            "key": 8,
            "status": "暂停中",
            "exp": 8582,
            "expURL": "cid://ejxtanr.br/rnwv",
            "clickNum": 9010,
            "clickRate": 76,
            "clickPrice": 24,
            "limit": 143,
            "handle": ""
        },
        {
            "name": "超人",
            "key": 9,
            "status": "暂停中",
            "exp": 17480,
            "expURL": "mid://dgc.ye/qdiv",
            "clickNum": 6834,
            "clickRate": 52,
            "clickPrice": 133,
            "limit": 61,
            "handle": ""
        },
        {
            "name": "蝙蝠侠",
            "key": 10,
            "status": "启用中",
            "exp": 22128,
            "expURL": "mailto://lbyqybuoyk.tz/ovmfp",
            "clickNum": 8227,
            "clickRate": 73,
            "clickPrice": 135,
            "limit": 239,
            "handle": ""
        },
        {
            "name": "鹰眼",
            "key": 11,
            "status": "启用中",
            "exp": 28972,
            "expURL": "ftp://fjlp.tf/uwyafnlmn",
            "clickNum": 8549,
            "clickRate": 92,
            "clickPrice": 75,
            "limit": 83,
            "handle": ""
        },
        {
            "name": "鹰眼",
            "key": 12,
            "status": "启用中",
            "exp": 7300,
            "expURL": "ftp://wbydsefv.edu/gjuopo",
            "clickNum": 9412,
            "clickRate": 30,
            "clickPrice": 92,
            "limit": 75,
            "handle": ""
        },
        {
            "name": "吸血鬼",
            "key": 13,
            "status": "暂停中",
            "exp": 23099,
            "expURL": "rlogin://hkb.dm/erunqqx",
            "clickNum": 5579,
            "clickRate": 42,
            "clickPrice": 163,
            "limit": 86,
            "handle": ""
        },
        {
            "name": "冬兵",
            "key": 14,
            "status": "启用中",
            "exp": 2393,
            "expURL": "tn3270://eqnqps.gn/ibxzaktiff",
            "clickNum": 5228,
            "clickRate": 61,
            "clickPrice": 195,
            "limit": 211,
            "handle": ""
        },
        {
            "name": "鹰眼",
            "key": 15,
            "status": "启用中",
            "exp": 21945,
            "expURL": "ftp://wjgxsum.nu/kfbgmdbr",
            "clickNum": 7479,
            "clickRate": 51,
            "clickPrice": 3,
            "limit": 128,
            "handle": ""
        },
        {
            "name": "蝙蝠侠",
            "key": 16,
            "status": "启用中",
            "exp": 27580,
            "expURL": "http://ncw.sa/efs",
            "clickNum": 7364,
            "clickRate": 56,
            "clickPrice": 76,
            "limit": 147,
            "handle": ""
        },
        {
            "name": "吸血鬼",
            "key": 17,
            "status": "启用中",
            "exp": 226,
            "expURL": "mid://soh.net.cn/dwvpqr",
            "clickNum": 7861,
            "clickRate": 78,
            "clickPrice": 63,
            "limit": 245,
            "handle": ""
        },
        {
            "name": "蜘蛛侠",
            "key": 18,
            "status": "暂停中",
            "exp": 28461,
            "expURL": "tn3270://yoirrlj.kw/tbt",
            "clickNum": 5229,
            "clickRate": 85,
            "clickPrice": 149,
            "limit": 186,
            "handle": ""
        },
        {
            "name": "蝙蝠侠",
            "key": 19,
            "status": "启用中",
            "exp": 12103,
            "expURL": "http://hpwefmnjsc.net/ybx",
            "clickNum": 4628,
            "clickRate": 62,
            "clickPrice": 142,
            "limit": 87,
            "handle": ""
        },
        {
            "name": "蜘蛛侠",
            "key": 20,
            "status": "启用中",
            "exp": 23159,
            "expURL": "cid://ipwnksh.cn/mnnsxbym",
            "clickNum": 9535,
            "clickRate": 63,
            "clickPrice": 126,
            "limit": 160,
            "handle": ""
        },
        {
            "name": "蚁人",
            "key": 21,
            "status": "暂停中",
            "exp": 21263,
            "expURL": "ftp://hhvc.tt/ubsrgvwlyl",
            "clickNum": 6190,
            "clickRate": 95,
            "clickPrice": 78,
            "limit": 85,
            "handle": ""
        },
        {
            "name": "吸血鬼",
            "key": 22,
            "status": "暂停中",
            "exp": 3529,
            "expURL": "rlogin://sbpni.lv/fheqpg",
            "clickNum": 6258,
            "clickRate": 36,
            "clickPrice": 25,
            "limit": 94,
            "handle": ""
        },
        {
            "name": "金刚狼",
            "key": 23,
            "status": "启用中",
            "exp": 18214,
            "expURL": "mailto://lxcp.es/bvqhnrctus",
            "clickNum": 5184,
            "clickRate": 25,
            "clickPrice": 188,
            "limit": 224,
            "handle": ""
        },
        {
            "name": "鹰眼",
            "key": 24,
            "status": "暂停中",
            "exp": 15140,
            "expURL": "gopher://kxyeo.va/joblv",
            "clickNum": 8680,
            "clickRate": 14,
            "clickPrice": 27,
            "limit": 194,
            "handle": ""
        },
        {
            "name": "黑寡妇",
            "key": 25,
            "status": "暂停中",
            "exp": 28794,
            "expURL": "telnet://wgzrt.cm/tfeq",
            "clickNum": 6851,
            "clickRate": 66,
            "clickPrice": 59,
            "limit": 193,
            "handle": ""
        },
        {
            "name": "冬兵",
            "key": 26,
            "status": "启用中",
            "exp": 13771,
            "expURL": "rlogin://secwjikgra.ne/xdfk",
            "clickNum": 6827,
            "clickRate": 51,
            "clickPrice": 163,
            "limit": 91,
            "handle": ""
        },
        {
            "name": "金刚狼",
            "key": 27,
            "status": "启用中",
            "exp": 3478,
            "expURL": "http://qasvqmg.pl/bxdsihy",
            "clickNum": 9521,
            "clickRate": 16,
            "clickPrice": 38,
            "limit": 232,
            "handle": ""
        },
        {
            "name": "吸血鬼",
            "key": 28,
            "status": "暂停中",
            "exp": 30999,
            "expURL": "mailto://ewymrvydv.kr/jskuy",
            "clickNum": 7921,
            "clickRate": 56,
            "clickPrice": 7,
            "limit": 51,
            "handle": ""
        },
        {
            "name": "黑寡妇",
            "key": 29,
            "status": "暂停中",
            "exp": 24007,
            "expURL": "rlogin://vfvhtxbe.mil/wjkj",
            "clickNum": 5657,
            "clickRate": 70,
            "clickPrice": 136,
            "limit": 87,
            "handle": ""
        },
        {
            "name": "冬兵",
            "key": 30,
            "status": "暂停中",
            "exp": 4313,
            "expURL": "nntp://fisbp.cn/mxy",
            "clickNum": 9152,
            "clickRate": 97,
            "clickPrice": 78,
            "limit": 91,
            "handle": ""
        },
        {
            "name": "鹰眼",
            "key": 31,
            "status": "启用中",
            "exp": 8985,
            "expURL": "news://fobgg.hk/dchqzihi",
            "clickNum": 6822,
            "clickRate": 54,
            "clickPrice": 88,
            "limit": 113,
            "handle": ""
        },
        {
            "name": "蝙蝠侠",
            "key": 32,
            "status": "启用中",
            "exp": 31121,
            "expURL": "ftp://ympofycd.lc/sem",
            "clickNum": 8223,
            "clickRate": 50,
            "clickPrice": 182,
            "limit": 177,
            "handle": ""
        },
        {
            "name": "吸血鬼",
            "key": 33,
            "status": "暂停中",
            "exp": 16009,
            "expURL": "mailto://avgnlgbq.fi/udsxfb",
            "clickNum": 5724,
            "clickRate": 29,
            "clickPrice": 109,
            "limit": 243,
            "handle": ""
        },
        {
            "name": "超人",
            "key": 34,
            "status": "启用中",
            "exp": 15567,
            "expURL": "prospero://ourjo.pe/kttpw",
            "clickNum": 5239,
            "clickRate": 26,
            "clickPrice": 54,
            "limit": 136,
            "handle": ""
        },
        {
            "name": "幻视",
            "key": 35,
            "status": "暂停中",
            "exp": 28995,
            "expURL": "rlogin://vlhjdpmig.ir/odmkservfj",
            "clickNum": 8617,
            "clickRate": 29,
            "clickPrice": 1,
            "limit": 64,
            "handle": ""
        },
        {
            "name": "美国队长",
            "key": 36,
            "status": "启用中",
            "exp": 5988,
            "expURL": "mailto://undso.tv/jjrtue",
            "clickNum": 4651,
            "clickRate": 84,
            "clickPrice": 51,
            "limit": 154,
            "handle": ""
        },
        {
            "name": "幻视",
            "key": 37,
            "status": "暂停中",
            "exp": 8979,
            "expURL": "http://rimv.ws/qery",
            "clickNum": 6736,
            "clickRate": 19,
            "clickPrice": 85,
            "limit": 82,
            "handle": ""
        },
        {
            "name": "幻视",
            "key": 38,
            "status": "暂停中",
            "exp": 25377,
            "expURL": "ftp://qfxpr.bo/qlbtp",
            "clickNum": 5802,
            "clickRate": 27,
            "clickPrice": 163,
            "limit": 220,
            "handle": ""
        }
    ]
}